{"cameraMode":{"drawMode":0,"name":"Shaded","section":"Shading Mode"},"sceneLighting":true,"audioPlay":false,"sceneViewState":{"showFog":true,"showMaterialUpdate":true,"showSkybox":true,"showFlares":true,"showImageEffects":true,"showParticleSystems":true},"in2DMode":false,"pivot":{"x":7.101092338562012,"y":8.972675323486329,"z":57.83689880371094},"rotation":{"x":0.4915761351585388,"y":0.0002611139207147062,"z":-0.00014833209570497274,"w":0.8708345890045166},"size":80.6146240234375,"orthographic":false}